,Unnamed: 0,Datapoint,Prompt_Idx,Result,Reason,sequence_length,num_numerical_tokens,num_math_tokens,math_token_ratio,has_equals_sign,mean_attention_to_math_tokens_0,mean_attention_to_math_tokens_last,mean_attention_from_math_tokens_0,mean_attention_from_math_tokens_last,final_token_attention_received,max_attention_from_math_token,self_attention_ratio,attention_entropy_layer0_math,head0_max_attention_target_is_math
0,0,0,0,False,WRONG INTIAL ANSWER,0,0,0,0.0,False,0.0,0.0,0.0,0.0,0.0,0.0,0.0,0.0,False
1,1,1,0,True,CORRECT ANSWER,180,9,9,0.05,False,0.001929012345679,0.0021219135802469,0.0055555555555555,0.0055555555555555,0.0012741088867187,0.99609375,0.25390625,1.4768099784851074,False
2,2,2,0,False,WRONG REVISED ANSWER,169,2,2,0.0118343195266272,False,0.0025540865384615,0.0023113905325443,0.0059171597633136,0.0059171597633136,0.0014114379882812,0.99609375,0.263671875,0.6426510810852051,False
3,3,3,0,True,CORRECT ANSWER,168,7,7,0.0416666666666666,False,0.0020461309523809,0.0017936862244897,0.0059523809523809,0.0059523809523809,0.0013885498046875,0.99609375,0.2578125,1.4240257740020752,False
4,4,4,0,False,WRONG REVISED ANSWER,153,7,7,0.0457516339869281,False,0.0025531045751633,0.0021154295051353,0.0065359477124183,0.0065359477124183,0.0015106201171875,0.99609375,0.26171875,1.6294549703598022,False
5,5,5,0,True,CORRECT ANSWER,133,3,3,0.0225563909774436,False,0.0026824874686716,0.0023398339598997,0.0075187969924812,0.0075187969924812,0.0016860961914062,0.99609375,0.2734375,0.8936364650726318,False
6,6,6,0,True,CORRECT ANSWER,149,9,9,0.0604026845637583,False,0.0022021812080536,0.0021206189410887,0.0067114093959731,0.0067114093959731,0.0015411376953125,0.99609375,0.25390625,1.670188546180725,False
7,7,7,0,True,CORRECT ANSWER,217,11,11,0.0506912442396313,False,0.0015971931294511,0.0012240783410138,0.0046082949308755,0.0046082949308755,0.0010910034179687,0.99609375,0.25390625,1.35371994972229,False
8,8,8,0,False,WRONG REVISED ANSWER,184,8,8,0.0434782608695652,False,0.0018575917119565,0.0016240658967391,0.0054347826086956,0.0054347826086956,0.0012893676757812,0.99609375,0.2578125,1.3694188594818115,False
9,9,9,0,True,CORRECT ANSWER,165,9,9,0.0545454545454545,False,0.0021148989898989,0.0020833333333333,0.006060606060606,0.006060606060606,0.001495361328125,0.99609375,0.2578125,1.6273324489593506,False
10,10,10,0,True,CORRECT ANSWER,191,7,7,0.0366492146596858,False,0.0018464846671652,0.0017062453253552,0.0052356020942408,0.0052356020942408,0.0011672973632812,0.99609375,0.26171875,1.274948000907898,False
11,11,11,0,False,WRONG REVISED ANSWER,173,4,4,0.0231213872832369,False,0.0021337608381502,0.0017273302023121,0.0057803468208092,0.0057803468208092,0.0013580322265625,0.99609375,0.267578125,1.0009220838546753,False
12,12,12,0,True,CORRECT ANSWER,166,5,5,0.0301204819277108,False,0.002183734939759,0.001816641566265,0.0060240963855421,0.0060240963855421,0.001434326171875,0.99609375,0.26171875,1.1552963256835938,False
13,13,13,0,True,CORRECT ANSWER,134,6,6,0.044776119402985,False,0.0023418065920398,0.0021668998756218,0.0074626865671641,0.0074626865671641,0.0017547607421875,0.99609375,0.265625,1.3628298044204712,False
14,14,14,0,False,WRONG REVISED ANSWER,183,8,8,0.0437158469945355,False,0.0017823599726775,0.001707650273224,0.0054644808743169,0.0054644808743169,0.0012969970703125,0.99609375,0.26171875,1.2910809516906738,False
15,15,15,0,False,WRONG REVISED ANSWER,196,16,17,0.086734693877551,False,0.0018663715486194,0.001781962785114,0.0051020408163265,0.0051020408163265,0.0011672973632812,0.99609375,0.25,1.8539870977401731,False
16,16,16,0,True,CORRECT ANSWER,155,8,8,0.0516129032258064,False,0.0020539314516129,0.0021169354838709,0.0064516129032258,0.0064516129032258,0.00146484375,0.99609375,0.255859375,1.5346513986587524,False
17,17,17,0,True,CORRECT ANSWER,135,7,7,0.0518518518518518,False,0.0023809523809523,0.0023644179894179,0.0074074074074074,0.0074074074074074,0.001678466796875,0.99609375,0.26171875,1.552462458610535,False
18,18,18,0,True,CORRECT ANSWER,176,6,6,0.034090909090909,False,0.0018791429924242,0.0017459753787878,0.0056818181818181,0.0056818181818181,0.0013351440429687,0.99609375,0.255859375,1.0844658613204956,False
19,19,19,0,False,WRONG INTIAL ANSWER,0,0,0,0.0,False,0.0,0.0,0.0,0.0,0.0,0.0,0.0,0.0,False
20,20,20,0,True,CORRECT ANSWER,144,6,6,0.0416666666666666,False,0.0024594907407407,0.002369068287037,0.0069444444444444,0.0069444444444444,0.0015869140625,0.99609375,0.26171875,1.4409196376800537,False
21,21,21,0,False,WRONG REVISED ANSWER,157,4,4,0.0254777070063694,False,0.0023512141719745,0.0023263335987261,0.0063694267515923,0.0063694267515923,0.00140380859375,0.99609375,0.265625,1.077912211418152,False
22,22,22,0,False,WRONG REVISED ANSWER,165,5,5,0.0303030303030303,False,0.0023295454545454,0.0022443181818181,0.006060606060606,0.006060606060606,0.0014572143554687,0.99609375,0.26171875,1.1879349946975708,False
23,23,23,0,True,CORRECT ANSWER,140,7,7,0.05,False,0.0022321428571428,0.002375637755102,0.0071428571428571,0.0071428571428571,0.001617431640625,0.99609375,0.26171875,1.468591809272766,False
24,24,24,0,True,CORRECT ANSWER,174,6,6,0.0344827586206896,False,0.0020653735632183,0.00181094348659,0.0057471264367816,0.0057471264367816,0.0013961791992187,0.99609375,0.259765625,1.3010822534561155,False
25,25,25,0,True,CORRECT ANSWER,220,5,5,0.0227272727272727,False,0.0016974431818181,0.0015198863636363,0.0045454545454545,0.0045454545454545,0.001068115234375,0.99609375,0.251953125,1.0324625968933103,False
26,26,26,0,True,CORRECT ANSWER,158,5,5,0.0316455696202531,False,0.002314082278481,0.002254746835443,0.0063291139240506,0.0063291139240506,0.0014114379882812,0.99609375,0.265625,1.1839476823806765,False
27,27,27,0,True,CORRECT ANSWER,140,7,7,0.05,False,0.0025988520408163,0.0020248724489795,0.0071428571428571,0.0071428571428571,0.001617431640625,0.99609375,0.267578125,1.559151291847229,False
28,28,28,0,False,WRONG REVISED ANSWER,190,11,11,0.0578947368421052,False,0.0017194976076555,0.0017718301435406,0.0052631578947368,0.0052631578947368,0.0012283325195312,0.99609375,0.25390625,1.5975515842437744,False
29,29,29,0,False,WRONG REVISED ANSWER,169,15,15,0.0887573964497041,False,0.0020833333333333,0.0019723865877712,0.0059171597633136,0.0059171597633136,0.0014190673828125,1.0,0.25,2.077375888824463,False
30,30,30,0,True,CORRECT ANSWER,158,6,6,0.0379746835443038,False,0.0023239715189873,0.0022415611814345,0.0063291139240506,0.0063291139240506,0.0014114379882812,0.99609375,0.26953125,1.359214425086975,False
31,31,31,0,True,CORRECT ANSWER,139,8,8,0.0575539568345323,False,0.0022622526978417,0.0023606115107913,0.0071942446043165,0.0071942446043165,0.0016250610351562,0.99609375,0.26171875,1.6703602075576782,False
32,32,32,0,True,CORRECT ANSWER,161,6,6,0.0372670807453416,False,0.0020137810559006,0.0019895186335403,0.0062111801242236,0.0062111801242236,0.0014419555664062,0.9921875,0.26171875,1.269484281539917,False
33,33,33,0,True,CORRECT ANSWER,149,5,5,0.0335570469798657,False,0.002118288590604,0.0022441275167785,0.0067114093959731,0.0067114093959731,0.0015792846679687,0.99609375,0.267578125,1.0525723695755005,False
34,34,34,0,True,CORRECT ANSWER,133,6,6,0.0451127819548872,False,0.0024866854636591,0.0024279448621553,0.0075187969924812,0.0075187969924812,0.001708984375,0.99609375,0.265625,1.4402832984924316,False
35,35,35,0,True,CORRECT ANSWER,150,7,7,0.0466666666666666,False,0.0022470238095238,0.0022172619047619,0.0066666666666666,0.0066666666666666,0.0015335083007812,0.99609375,0.265625,1.441053032875061,False
36,36,36,0,True,CORRECT ANSWER,147,3,3,0.0204081632653061,False,0.0024978741496598,0.0024270124716553,0.0068027210884353,0.0068027210884353,0.0016326904296875,0.99609375,0.265625,0.8281251788139343,False
37,37,37,0,False,WRONG REVISED ANSWER,178,19,20,0.1123595505617977,False,0.0019750702247191,0.0019838483146067,0.0056179775280898,0.0056179775280898,0.0013351440429687,0.99609375,0.240234375,2.098673820495605,False
38,38,38,0,True,CORRECT ANSWER,178,11,11,0.0617977528089887,False,0.0019870403472931,0.0017955183861082,0.0056179775280898,0.0056179775280898,0.001312255859375,0.99609375,0.25,1.7724175453186035,False
39,39,39,0,True,CORRECT ANSWER,150,6,6,0.04,False,0.0023784722222222,0.0023263888888888,0.0066666666666666,0.0066666666666666,0.00152587890625,0.99609375,0.263671875,1.3371423482894895,False
40,40,40,0,True,CORRECT ANSWER,143,7,7,0.0489510489510489,False,0.0023414085914085,0.0022945804195804,0.0069930069930069,0.0069930069930069,0.0016021728515625,0.99609375,0.26171875,1.5277358293533323,False
41,41,41,0,True,CORRECT ANSWER,145,6,6,0.0413793103448275,False,0.0024425287356321,0.002478448275862,0.0068965517241379,0.0068965517241379,0.0016021728515625,0.99609375,0.263671875,1.522904396057129,False
42,42,42,0,True,CORRECT ANSWER,151,6,6,0.0397350993377483,False,0.0025006898454746,0.0021385209713024,0.0066225165562913,0.0066225165562913,0.001556396484375,0.99609375,0.267578125,1.43441903591156,False
43,43,43,0,False,WRONG REVISED ANSWER,161,9,10,0.062111801242236,False,0.0022030279503105,0.0018924689440993,0.0062111801242236,0.0062111801242236,0.0014877319335937,0.99609375,0.255859375,1.6103435754776,False
44,44,44,0,True,CORRECT ANSWER,237,9,9,0.0379746835443038,False,0.0015383263009845,0.0014211204875761,0.0042194092827004,0.0042194092827004,0.0009841918945312,0.99609375,0.255859375,1.4016921520233154,False
45,45,45,0,True,CORRECT ANSWER,154,10,10,0.0649350649350649,False,0.0024249188311688,0.0022321428571428,0.0064935064935064,0.0064935064935064,0.0014877319335937,0.99609375,0.259765625,1.8468436002731323,False
46,46,46,0,False,WRONG REVISED ANSWER,188,13,14,0.0744680851063829,False,0.0020777925531914,0.0018047112462006,0.0053191489361702,0.0053191489361702,0.001251220703125,0.99609375,0.248046875,1.9127317667007449,False
47,47,47,0,False,WRONG INTIAL ANSWER,0,0,0,0.0,False,0.0,0.0,0.0,0.0,0.0,0.0,0.0,0.0,False
48,48,48,0,True,CORRECT ANSWER,169,9,9,0.0532544378698224,False,0.0020134779750164,0.0018902038132807,0.0059171597633136,0.0059171597633136,0.0014190673828125,0.99609375,0.2578125,1.5905476808547974,False
49,49,49,0,True,CORRECT ANSWER,145,4,4,0.0275862068965517,False,0.0024245689655172,0.0021417025862068,0.0068965517241379,0.0068965517241379,0.0015869140625,0.99609375,0.2734375,1.047026515007019,False
50,50,50,0,False,WRONG REVISED ANSWER,197,10,10,0.0507614213197969,False,0.0018163071065989,0.0018163071065989,0.0050761421319796,0.0050761421319796,0.0011978149414062,0.99609375,0.259765625,1.5143061876296997,False
51,51,51,0,True,CORRECT ANSWER,193,5,5,0.0259067357512953,False,0.0018782383419689,0.0018215673575129,0.005181347150259,0.005181347150259,0.001190185546875,0.99609375,0.26171875,0.982202410697937,False
52,52,52,0,True,CORRECT ANSWER,144,6,6,0.0416666666666666,False,0.0020254629629629,0.0019079137731481,0.0069444444444444,0.0069444444444444,0.0015640258789062,0.99609375,0.265625,1.1178550720214844,False
53,53,53,0,False,WRONG REVISED ANSWER,207,2,2,0.0096618357487922,False,0.0020569142512077,0.0019436896135265,0.0048309178743961,0.0048309178743961,0.0011672973632812,0.99609375,0.267578125,0.6405089497566223,False
54,54,54,0,True,CORRECT ANSWER,176,7,7,0.0397727272727272,False,0.0021687297077922,0.0017375202922077,0.0056818181818181,0.0056818181818181,0.0013427734375,0.99609375,0.255859375,1.4264851808547974,False
55,55,55,0,True,CORRECT ANSWER,179,13,13,0.0726256983240223,False,0.0022426944563816,0.0019069617533304,0.0055865921787709,0.0055865921787709,0.0012664794921875,0.99609375,0.251953125,2.009920835494995,False
56,56,56,0,False,WRONG REVISED ANSWER,180,15,15,0.0833333333333333,False,0.0019675925925925,0.0017361111111111,0.0055555555555555,0.0055555555555555,0.0012283325195312,0.99609375,0.25,1.970643162727356,False
57,57,57,0,False,WRONG INTIAL ANSWER,0,0,0,0.0,False,0.0,0.0,0.0,0.0,0.0,0.0,0.0,0.0,False
58,58,58,0,True,CORRECT ANSWER,154,9,9,0.0584415584415584,False,0.0021081349206349,0.0023448773448773,0.0064935064935064,0.0064935064935064,0.0014495849609375,0.99609375,0.259765625,1.580801010131836,False
59,59,59,0,False,WRONG REVISED ANSWER,162,6,6,0.037037037037037,False,0.0023630401234567,0.0022826646090534,0.0061728395061728,0.0061728395061728,0.0014877319335937,0.99609375,0.259765625,1.3583134412765503,False
60,60,60,0,False,WRONG REVISED ANSWER,159,5,5,0.0314465408805031,False,0.0022012578616352,0.0021422955974842,0.0062893081761006,0.0062893081761006,0.0014495849609375,0.99609375,0.259765625,1.2485865354537964,False
61,61,61,0,False,WRONG REVISED ANSWER,176,9,9,0.0511363636363636,False,0.0021504103535353,0.0021504103535353,0.0056818181818181,0.0056818181818181,0.001312255859375,0.99609375,0.259765625,1.5560356378555298,False
62,62,62,0,False,WRONG REVISED ANSWER,146,8,9,0.0616438356164383,False,0.0023663432267884,0.0021166286149162,0.0068493150684931,0.0068493150684931,0.0015945434570312,0.99609375,0.259765625,1.5715034008026123,False
63,63,63,0,False,WRONG REVISED ANSWER,160,7,7,0.04375,False,0.0019949776785714,0.0023158482142857,0.00625,0.00625,0.0014724731445312,0.99609375,0.2578125,1.3755824565887451,False
64,64,64,0,True,CORRECT ANSWER,171,7,7,0.0409356725146198,False,0.0019710735171261,0.0018796992481203,0.0058479532163742,0.0058479532163742,0.00146484375,0.99609375,0.26171875,1.3266997337341309,False
65,65,65,0,True,CORRECT ANSWER,221,20,20,0.090497737556561,False,0.0015130090497737,0.0014069570135746,0.004524886877828,0.004524886877828,0.0010910034179687,0.99609375,0.24609375,1.98726487159729,False
66,66,66,0,True,CORRECT ANSWER,163,5,5,0.0306748466257668,False,0.0019842791411042,0.002118481595092,0.0061349693251533,0.0061349693251533,0.0014877319335937,0.9921875,0.265625,1.0022042989730835,False
67,67,67,0,True,CORRECT ANSWER,133,5,5,0.037593984962406,False,0.0023261278195488,0.0021381578947368,0.0075187969924812,0.0075187969924812,0.0017547607421875,0.99609375,0.265625,1.211039662361145,False
68,68,68,0,True,CORRECT ANSWER,131,4,4,0.0305343511450381,False,0.0026240458015267,0.0021469465648854,0.0076335877862595,0.0076335877862595,0.0017242431640625,0.9921875,0.271484375,1.0948866605758667,False
69,69,69,0,True,CORRECT ANSWER,136,7,7,0.0514705882352941,False,0.0026588760504201,0.0022157300420168,0.0073529411764705,0.0073529411764705,0.0016937255859375,0.99609375,0.263671875,1.5830448865890503,False
70,70,70,0,False,WRONG REVISED ANSWER,160,5,5,0.03125,False,0.002255859375,0.002138671875,0.00625,0.00625,0.0014572143554687,0.99609375,0.26171875,1.319149613380432,False
71,71,71,0,False,WRONG REVISED ANSWER,162,13,13,0.0802469135802469,False,0.0021070750237416,0.0022554605887939,0.0061728395061728,0.0061728395061728,0.0014419555664062,0.99609375,0.255859375,1.9578382968902588,False
72,72,72,0,True,CORRECT ANSWER,166,3,3,0.0180722891566265,False,0.0021335341365461,0.0022276606425702,0.0060240963855421,0.0060240963855421,0.001434326171875,0.99609375,0.267578125,0.8269035816192627,False
73,73,73,0,True,CORRECT ANSWER,185,16,17,0.0918918918918919,False,0.0019574721780604,0.0017885532591414,0.0054054054054054,0.0054054054054054,0.0012588500976562,0.99609375,0.251953125,2.071711301803589,False
74,74,74,0,True,CORRECT ANSWER,203,5,5,0.0246305418719211,False,0.0016856527093596,0.0017395320197044,0.0049261083743842,0.0049261083743842,0.0011672973632812,0.99609375,0.2578125,1.1105544567108154,False
75,75,75,0,False,WRONG REVISED ANSWER,169,11,11,0.0650887573964497,False,0.0018323023130715,0.0018238972565895,0.0059171597633136,0.0059171597633136,0.0014114379882812,0.99609375,0.2578125,1.6458346843719482,False
76,76,76,0,True,CORRECT ANSWER,150,10,10,0.0666666666666666,False,0.0021875,0.0021666666666666,0.0066666666666666,0.0066666666666666,0.0015335083007812,0.99609375,0.255859375,1.822438716888428,False
77,77,77,0,False,WRONG REVISED ANSWER,198,17,19,0.0959595959595959,False,0.0021431419457735,0.0016198165869218,0.005050505050505,0.005050505050505,0.001190185546875,0.9921875,0.248046875,2.1009488105773926,False
78,78,78,0,True,CORRECT ANSWER,147,6,6,0.0408163265306122,False,0.0024978741496598,0.0022321428571428,0.0068027210884353,0.0068027210884353,0.0015945434570312,0.99609375,0.265625,1.4161297082901,False
79,79,79,0,True,CORRECT ANSWER,147,7,7,0.0476190476190476,False,0.0024447278911564,0.0022776967930029,0.0068027210884353,0.0068027210884353,0.0016021728515625,0.99609375,0.26171875,1.5642602443695068,False
80,80,80,0,True,CORRECT ANSWER,153,6,7,0.0457516339869281,False,0.0024801587301587,0.0018528244631185,0.0065359477124183,0.0065359477124183,0.0014495849609375,0.9921875,0.259765625,1.37449312210083,False
81,81,81,0,True,CORRECT ANSWER,199,8,8,0.0402010050251256,False,0.0019236809045226,0.0015114635678391,0.0050251256281407,0.0050251256281407,0.0011978149414062,0.9921875,0.263671875,1.486066222190857,False
82,82,82,0,False,WRONG REVISED ANSWER,140,5,5,0.0357142857142857,False,0.0024107142857142,0.0022321428571428,0.0071428571428571,0.0071428571428571,0.0016555786132812,0.99609375,0.265625,1.1936447620391846,False
83,83,83,0,True,CORRECT ANSWER,238,20,20,0.0840336134453781,False,0.0016084558823529,0.001313025210084,0.0042016806722689,0.0042016806722689,0.001007080078125,0.99609375,0.2451171875,2.0409722328186035,False
84,84,84,0,False,WRONG INTIAL ANSWER,0,0,0,0.0,False,0.0,0.0,0.0,0.0,0.0,0.0,0.0,0.0,False
85,85,85,0,True,CORRECT ANSWER,143,4,4,0.0279720279720279,False,0.0024175043706293,0.0021033653846153,0.0069930069930069,0.0069930069930069,0.0015869140625,0.99609375,0.2734375,1.0597105026245115,False
86,86,86,0,False,WRONG REVISED ANSWER,218,11,11,0.0504587155963302,False,0.0015507714762301,0.0015638031693077,0.0045871559633027,0.0045871559633027,0.0010833740234375,0.9921875,0.25390625,1.4149256944656372,False
87,87,87,0,True,CORRECT ANSWER,145,8,8,0.0551724137931034,False,0.0023302801724137,0.0020608836206896,0.0068965517241379,0.0068965517241379,0.0015792846679687,0.99609375,0.26171875,1.6517502069473269,False
88,88,88,0,False,WRONG REVISED ANSWER,173,10,10,0.0578034682080924,False,0.0018244219653179,0.0017611994219653,0.0057803468208092,0.0057803468208092,0.0013809204101562,0.99609375,0.25390625,1.5883572101593018,False
89,89,89,0,False,WRONG REVISED ANSWER,172,13,13,0.0755813953488372,False,0.0020824016100178,0.0020404740608228,0.005813953488372,0.005813953488372,0.0013961791992187,0.99609375,0.25390625,1.9270702600479128,False
90,90,90,0,True,CORRECT ANSWER,134,5,5,0.0373134328358208,False,0.0026935634328358,0.0024603544776119,0.0074626865671641,0.0074626865671641,0.0016555786132812,0.99609375,0.263671875,1.3294806480407717,False
91,91,91,0,True,CORRECT ANSWER,139,3,3,0.0215827338129496,False,0.002529226618705,0.0027165767386091,0.0071942446043165,0.0071942446043165,0.0016555786132812,0.99609375,0.267578125,0.8034395575523376,False
92,92,92,0,False,WRONG REVISED ANSWER,159,11,12,0.0754716981132075,False,0.0023421121593291,0.0020554900419287,0.0062893081761006,0.0062893081761006,0.0014495849609375,0.99609375,0.25,1.7555246353149414,False
93,93,93,0,False,WRONG REVISED ANSWER,224,6,6,0.0267857142857142,False,0.0018136160714285,0.0017322358630952,0.0044642857142857,0.0044642857142857,0.0010604858398437,0.99609375,0.26171875,1.2115087509155271,False
94,94,94,0,True,CORRECT ANSWER,143,5,5,0.0349650349650349,False,0.0021853146853146,0.0020323426573426,0.0069930069930069,0.0069930069930069,0.0015792846679687,0.99609375,0.265625,1.0414901971817017,False
95,95,95,0,True,CORRECT ANSWER,144,9,9,0.0625,False,0.0020978009259259,0.0020616319444444,0.0069444444444444,0.0069444444444444,0.0015869140625,0.99609375,0.2578125,1.5807512998580933,False
96,96,96,0,True,CORRECT ANSWER,146,8,8,0.0547945205479452,False,0.0022608090753424,0.0021537885273972,0.0068493150684931,0.0068493150684931,0.0015869140625,0.99609375,0.2578125,1.6069477796554563,False
97,97,97,0,True,CORRECT ANSWER,158,17,17,0.1075949367088607,False,0.0021058265078183,0.0022687081161578,0.0063291139240506,0.0063291139240506,0.0014419555664062,0.99609375,0.2470703125,2.204213857650757,False
98,98,98,0,False,WRONG REVISED ANSWER,180,7,7,0.0388888888888888,False,0.0022321428571428,0.0020089285714285,0.0055555555555555,0.0055555555555555,0.0012741088867187,0.99609375,0.26171875,1.556181788444519,False
99,99,99,0,False,WRONG REVISED ANSWER,184,9,9,0.0489130434782608,False,0.0019814311594202,0.0018115942028985,0.0054347826086956,0.0054347826086956,0.0012969970703125,0.99609375,0.259765625,1.669023871421814,False
0,0,100,0,False,WRONG REVISED ANSWER,154,5,5,0.0324675324675324,False,0.0022422889610389,0.0025365259740259,0.0064935064935064,0.0064935064935064,0.00146484375,0.9921875,0.26171875,1.1677595376968384,False
1,1,101,0,False,WRONG REVISED ANSWER,178,16,17,0.095505617977528,False,0.0021687045604758,0.0019415069398545,0.0056179775280898,0.0056179775280898,0.0013275146484375,1.0,0.244140625,2.184199333190918,False
2,2,102,0,True,CORRECT ANSWER,154,7,7,0.0454545454545454,False,0.0024785482374768,0.0019277597402597,0.0064935064935064,0.0064935064935064,0.0014877319335937,0.99609375,0.263671875,1.5366381406784058,False
3,3,103,0,True,CORRECT ANSWER,200,5,5,0.025,False,0.0019609375,0.0017109375,0.005,0.005,0.001220703125,0.99609375,0.259765625,1.1142828464508057,False
4,4,104,0,True,CORRECT ANSWER,163,10,10,0.0613496932515337,False,0.0020993098159509,0.0023773006134969,0.0061349693251533,0.0061349693251533,0.0014572143554687,0.99609375,0.255859375,1.7193161249160769,False
5,5,105,0,False,WRONG REVISED ANSWER,192,16,16,0.0833333333333333,False,0.0015767415364583,0.001678466796875,0.0052083333333333,0.0052083333333333,0.001190185546875,0.99609375,0.2431640625,1.8782228231430051,False
6,6,106,0,True,CORRECT ANSWER,182,10,10,0.0549450549450549,False,0.0018887362637362,0.0019488324175824,0.0054945054945054,0.0054945054945054,0.0012741088867187,0.99609375,0.251953125,1.656268835067749,False
7,7,107,0,True,CORRECT ANSWER,162,10,10,0.0617283950617283,False,0.0023341049382716,0.0021701388888888,0.0061728395061728,0.0061728395061728,0.00146484375,0.99609375,0.26171875,1.8238649368286133,False
8,8,108,0,True,CORRECT ANSWER,165,4,4,0.0242424242424242,False,0.002059659090909,0.0022135416666666,0.006060606060606,0.006060606060606,0.0014572143554687,0.99609375,0.263671875,1.0219242572784424,False
9,9,109,0,True,CORRECT ANSWER,142,11,11,0.0774647887323943,False,0.0024407810499359,0.0022807298335467,0.0070422535211267,0.0070422535211267,0.00164794921875,0.99609375,0.26171875,1.8916813135147093,False
10,10,110,0,True,CORRECT ANSWER,204,12,12,0.0588235294117647,False,0.0019020629084967,0.0016276041666666,0.0049019607843137,0.0049019607843137,0.0011367797851562,0.99609375,0.259765625,1.719456672668457,False
11,11,111,0,True,CORRECT ANSWER,159,5,5,0.0314465408805031,False,0.0021128144654088,0.0021619496855345,0.0062893081761006,0.0062893081761006,0.0014495849609375,0.99609375,0.265625,1.0433486700057983,False
12,12,112,0,True,CORRECT ANSWER,149,5,5,0.0335570469798657,False,0.0020658557046979,0.0021078020134228,0.0067114093959731,0.0067114093959731,0.0015640258789062,0.99609375,0.26171875,1.023208498954773,False
13,13,113,0,True,CORRECT ANSWER,166,11,11,0.0662650602409638,False,0.002147795728368,0.0019937705366922,0.0060240963855421,0.0060240963855421,0.0014572143554687,0.99609375,0.25390625,1.8003394603729248,False
14,14,114,0,True,CORRECT ANSWER,166,4,5,0.0301204819277108,False,0.0028614457831325,0.0019954819277108,0.0060240963855421,0.0060240963855421,0.001434326171875,0.99609375,0.267578125,1.1801750659942627,False
15,15,115,0,True,CORRECT ANSWER,163,14,14,0.0858895705521472,False,0.0020267309377738,0.0020815074496056,0.0061349693251533,0.0061349693251533,0.0014724731445312,0.9921875,0.25,1.9781674146652224,False
16,16,116,0,False,WRONG REVISED ANSWER,159,14,15,0.0943396226415094,False,0.0022929769392033,0.0020309224318658,0.0062893081761006,0.0062893081761006,0.0014266967773437,0.99609375,0.251953125,2.019197702407837,False
17,17,117,0,True,CORRECT ANSWER,137,4,4,0.0291970802919708,False,0.0024235857664233,0.0025946624087591,0.0072992700729927,0.0072992700729927,0.00164794921875,0.99609375,0.267578125,1.1015751361846924,False
18,18,118,0,True,CORRECT ANSWER,147,4,4,0.0272108843537414,False,0.0022055697278911,0.0022985756802721,0.0068027210884353,0.0068027210884353,0.0015640258789062,0.9921875,0.265625,1.018128752708435,False
19,19,119,0,True,CORRECT ANSWER,162,11,11,0.0679012345679012,False,0.0022446689113355,0.0019377805836139,0.0061728395061728,0.0061728395061728,0.0014724731445312,0.99609375,0.2578125,1.7601600885391235,False
20,20,120,0,True,CORRECT ANSWER,153,7,7,0.0457516339869281,False,0.0023050887021475,0.0021300186741363,0.0065359477124183,0.0065359477124183,0.0014801025390625,0.99609375,0.259765625,1.4500640630722046,False
21,21,121,0,False,WRONG REVISED ANSWER,166,8,8,0.0481927710843373,False,0.0022825677710843,0.0018354668674698,0.0060240963855421,0.0060240963855421,0.0014419555664062,0.99609375,0.2578125,1.6933435201644895,False
22,22,122,0,True,CORRECT ANSWER,134,7,7,0.0522388059701492,False,0.0025486407249466,0.0026319296375266,0.0074626865671641,0.0074626865671641,0.0016708374023437,0.99609375,0.265625,1.6088625192642212,False
23,23,123,0,True,CORRECT ANSWER,152,10,10,0.0657894736842105,False,0.0024465460526315,0.0025185032894736,0.006578947368421,0.006578947368421,0.00152587890625,0.99609375,0.255859375,1.965317964553833,False
24,24,124,0,True,CORRECT ANSWER,170,9,9,0.0529411764705882,False,0.0020935457516339,0.00203227124183,0.0058823529411764,0.0058823529411764,0.0013580322265625,0.99609375,0.26171875,1.6401575803756714,False
25,25,125,0,False,WRONG REVISED ANSWER,161,3,3,0.0186335403726708,False,0.0023777173913043,0.0019733436853002,0.0062111801242236,0.0062111801242236,0.0014572143554687,0.99609375,0.265625,0.889787495136261,False
26,26,126,0,False,WRONG REVISED ANSWER,172,11,11,0.063953488372093,False,0.0020646141649048,0.0021141649048625,0.005813953488372,0.005813953488372,0.0014190673828125,0.99609375,0.25390625,1.7762717008590698,False
27,27,127,0,False,WRONG REVISED ANSWER,217,23,24,0.1105990783410138,False,0.0016801075268817,0.0015721006144393,0.0046082949308755,0.0046082949308755,0.0010833740234375,0.99609375,0.236328125,2.009492874145508,False
28,28,128,0,True,CORRECT ANSWER,158,5,5,0.0316455696202531,False,0.0024327531645569,0.0019778481012658,0.0063291139240506,0.0063291139240506,0.00146484375,0.99609375,0.267578125,1.1642405986785889,False
29,29,129,0,True,CORRECT ANSWER,191,9,11,0.0575916230366492,False,0.0024541884816753,0.0018146120894811,0.0052356020942408,0.0052356020942408,0.001220703125,0.99609375,0.2578125,1.675268054008484,False
30,30,130,0,True,CORRECT ANSWER,169,19,20,0.1183431952662721,False,0.002135724852071,0.0020525147928994,0.0059171597633136,0.0059171597633136,0.0014114379882812,0.99609375,0.2431640625,2.2889184951782227,False
31,31,131,0,True,CORRECT ANSWER,160,6,6,0.0375,False,0.002294921875,0.00205078125,0.00625,0.00625,0.0014724731445312,0.99609375,0.267578125,1.2973945140838623,False
32,32,132,0,True,CORRECT ANSWER,144,4,4,0.0277777777777777,False,0.0021701388888888,0.0020887586805555,0.0069444444444444,0.0069444444444444,0.0015945434570312,0.99609375,0.265625,1.044456958770752,False
33,33,133,0,True,CORRECT ANSWER,156,4,4,0.0256410256410256,False,0.0024789663461538,0.0021534455128205,0.0064102564102564,0.0064102564102564,0.001434326171875,0.99609375,0.26171875,1.146349549293518,False
34,34,134,0,False,WRONG REVISED ANSWER,156,4,4,0.0256410256410256,False,0.0022410857371794,0.0020658052884615,0.0064102564102564,0.0064102564102564,0.0014419555664062,0.99609375,0.267578125,1.0065628290176392,False
35,35,135,0,True,CORRECT ANSWER,160,6,6,0.0375,False,0.0021809895833333,0.001953125,0.00625,0.00625,0.001434326171875,0.99609375,0.259765625,1.3224279880523682,False
36,36,136,0,False,WRONG REVISED ANSWER,163,4,4,0.0245398773006134,False,0.0022287193251533,0.002084930981595,0.0061349693251533,0.0061349693251533,0.0014572143554687,0.99609375,0.265625,1.0462617874145508,False
37,37,137,0,True,CORRECT ANSWER,149,6,6,0.0402684563758389,False,0.0022371364653243,0.0020973154362416,0.0067114093959731,0.0067114093959731,0.0015640258789062,0.99609375,0.259765625,1.4197465181350708,False
38,38,138,0,True,CORRECT ANSWER,143,4,4,0.0279720279720279,False,0.0023492132867132,0.0024038461538461,0.0069930069930069,0.0069930069930069,0.0015869140625,0.99609375,0.263671875,1.0605311393737793,False
39,39,139,0,False,WRONG REVISED ANSWER,193,12,14,0.0725388601036269,False,0.0021049222797927,0.0018504811250925,0.005181347150259,0.005181347150259,0.0011749267578125,0.99609375,0.2431640625,1.8981728553771973,False
40,40,140,0,True,CORRECT ANSWER,140,5,5,0.0357142857142857,False,0.0024330357142857,0.0021875,0.0071428571428571,0.0071428571428571,0.0016555786132812,0.99609375,0.271484375,1.2264387607574463,False
41,41,141,0,False,WRONG REVISED ANSWER,141,1,1,0.0070921985815602,False,0.0025487588652482,0.0030335771276595,0.0070921985815602,0.0070921985815602,0.001617431640625,0.99609375,0.271484375,0.0,False
42,42,142,0,False,WRONG REVISED ANSWER,170,6,6,0.0352941176470588,False,0.0020220588235294,0.0018535539215686,0.0058823529411764,0.0058823529411764,0.0014419555664062,0.9921875,0.25390625,1.169602870941162,False
43,43,143,0,True,CORRECT ANSWER,168,14,14,0.0833333333333333,False,0.0020727040816326,0.0016940369897959,0.0059523809523809,0.0059523809523809,0.001434326171875,0.99609375,0.251953125,1.9860076904296875,False
44,44,144,0,False,WRONG REVISED ANSWER,179,8,8,0.0446927374301676,False,0.0021277060055865,0.0018112779329608,0.0055865921787709,0.0055865921787709,0.0013046264648437,0.99609375,0.26171875,1.500746726989746,False
45,45,145,0,True,CORRECT ANSWER,168,4,4,0.0238095238095238,False,0.0021623883928571,0.0028250558035714,0.0059523809523809,0.0059523809523809,0.0014114379882812,0.9921875,0.259765625,1.012160301208496,False
46,46,146,0,True,CORRECT ANSWER,194,13,14,0.0721649484536082,False,0.002071060382916,0.0018639543446244,0.0051546391752577,0.0051546391752577,0.0012130737304687,0.99609375,0.25,1.9626386165618896,False
47,47,147,0,True,CORRECT ANSWER,179,11,11,0.0614525139664804,False,0.0020314880650076,0.0017140680548501,0.0055865921787709,0.0055865921787709,0.0012893676757812,0.99609375,0.259765625,1.73167085647583,False
48,48,148,0,True,CORRECT ANSWER,140,9,9,0.0642857142857142,False,0.0022941468253968,0.0022693452380952,0.0071428571428571,0.0071428571428571,0.0015869140625,0.99609375,0.259765625,1.697879195213318,False
49,49,149,0,True,CORRECT ANSWER,172,12,12,0.0697674418604651,False,0.0020742490310077,0.0020136870155038,0.005813953488372,0.005813953488372,0.0013885498046875,0.99609375,0.259765625,1.827363133430481,False
50,50,150,0,True,CORRECT ANSWER,166,13,15,0.0903614457831325,False,0.0021460843373493,0.0017570281124497,0.0060240963855421,0.0060240963855421,0.00146484375,0.99609375,0.248046875,1.8783680200576784,False
51,51,151,0,True,CORRECT ANSWER,140,7,7,0.05,False,0.0023118622448979,0.0023118622448979,0.0071428571428571,0.0071428571428571,0.0015640258789062,0.9921875,0.265625,1.4733271598815918,False
52,52,152,0,True,CORRECT ANSWER,147,4,4,0.0272108843537414,False,0.0026174532312925,0.0022852891156462,0.0068027210884353,0.0068027210884353,0.0016098022460937,0.99609375,0.2734375,1.119320273399353,False
53,53,153,0,True,CORRECT ANSWER,142,5,5,0.0352112676056338,False,0.0024977992957746,0.0021786971830985,0.0070422535211267,0.0070422535211267,0.0015945434570312,0.99609375,0.263671875,1.210245966911316,False
54,54,154,0,True,CORRECT ANSWER,170,9,10,0.0588235294117647,False,0.0023713235294117,0.0018658088235294,0.0058823529411764,0.0058823529411764,0.0014190673828125,0.99609375,0.259765625,1.6656512022018433,False
55,55,155,0,False,WRONG INTIAL ANSWER,0,0,0,0.0,False,0.0,0.0,0.0,0.0,0.0,0.0,0.0,0.0,False
56,56,156,0,True,CORRECT ANSWER,158,11,11,0.0696202531645569,False,0.0021396720368239,0.0022925057537399,0.0063291139240506,0.0063291139240506,0.001373291015625,0.9921875,0.25390625,1.755374550819397,False
57,57,157,0,False,WRONG REVISED ANSWER,157,14,15,0.0955414012738853,False,0.0024416135881104,0.0020700636942675,0.0063694267515923,0.0063694267515923,0.001434326171875,0.99609375,0.25390625,2.0454227924346924,False
58,58,158,0,False,WRONG REVISED ANSWER,158,8,8,0.050632911392405,False,0.0020025712025316,0.0023239715189873,0.0063291139240506,0.0063291139240506,0.0014572143554687,0.9921875,0.26171875,1.4050432443618774,False
59,59,159,0,False,WRONG REVISED ANSWER,143,7,7,0.0489510489510489,False,0.0023726273726273,0.0020760489510489,0.0069930069930069,0.0069930069930069,0.0016098022460937,0.99609375,0.26953125,1.4900310039520264,False
60,60,160,0,False,WRONG REVISED ANSWER,147,6,6,0.0408163265306122,False,0.0023207199546485,0.0019132653061224,0.0068027210884353,0.0068027210884353,0.0016098022460937,0.99609375,0.267578125,1.3618764877319336,False
61,61,161,0,True,CORRECT ANSWER,139,6,6,0.0431654676258992,False,0.0023512440047961,0.002622901678657,0.0071942446043165,0.0071942446043165,0.0016708374023437,0.99609375,0.259765625,1.4523537158966064,False
62,62,162,0,True,CORRECT ANSWER,142,8,8,0.056338028169014,False,0.002503301056338,0.0023932658450704,0.0070422535211267,0.0070422535211267,0.0015335083007812,0.99609375,0.263671875,1.6604329347610474,False
63,63,163,0,True,CORRECT ANSWER,156,3,3,0.0192307692307692,False,0.0021367521367521,0.0024372329059829,0.0064102564102564,0.0064102564102564,0.0014266967773437,0.9921875,0.265625,0.7352628111839294,False
64,64,164,0,True,CORRECT ANSWER,140,10,10,0.0714285714285714,False,0.0024553571428571,0.0021875,0.0071428571428571,0.0071428571428571,0.001617431640625,0.99609375,0.263671875,1.8426027297973635,False
65,65,165,0,False,WRONG REVISED ANSWER,206,20,22,0.1067961165048543,False,0.0019169240953221,0.0017583296557811,0.0048543689320388,0.0048543689320388,0.0011520385742187,0.99609375,0.23828125,2.2630715370178223,False
66,66,166,0,True,CORRECT ANSWER,190,20,22,0.1157894736842105,False,0.0021082535885167,0.0021082535885167,0.0052631578947368,0.0052631578947368,0.0012054443359375,0.99609375,0.2431640625,2.321774482727051,False
67,67,167,0,False,WRONG INTIAL ANSWER,0,0,0,0.0,False,0.0,0.0,0.0,0.0,0.0,0.0,0.0,0.0,False
68,68,168,0,True,CORRECT ANSWER,156,11,11,0.0705128205128205,False,0.0022581585081585,0.0021306818181818,0.0064102564102564,0.0064102564102564,0.0014266967773437,0.99609375,0.26171875,1.8699297904968264,False
69,69,169,0,True,CORRECT ANSWER,141,3,3,0.0212765957446808,False,0.0025487588652482,0.0022163120567375,0.0070921985815602,0.0070921985815602,0.0015945434570312,0.9921875,0.265625,0.7978620529174805,False
70,70,170,0,True,CORRECT ANSWER,181,9,9,0.0497237569060773,False,0.0021389656230816,0.0021965162676488,0.005524861878453,0.005524861878453,0.0012664794921875,1.0,0.251953125,1.7306164503097534,False
71,71,171,0,True,CORRECT ANSWER,151,6,6,0.0397350993377483,False,0.0023454746136865,0.0022937362030905,0.0066225165562913,0.0066225165562913,0.0015335083007812,0.99609375,0.26171875,1.3673968315124512,False
72,72,172,0,True,CORRECT ANSWER,152,12,12,0.0789473684210526,False,0.0019702576754385,0.0020473547149122,0.006578947368421,0.006578947368421,0.0015029907226562,0.99609375,0.25390625,1.6728054285049438,False
73,73,173,0,False,WRONG REVISED ANSWER,185,10,10,0.054054054054054,False,0.0019087837837837,0.0016300675675675,0.0054054054054054,0.0054054054054054,0.0012664794921875,0.99609375,0.25390625,1.660165786743164,False
74,74,174,0,True,CORRECT ANSWER,183,12,12,0.0655737704918032,False,0.0019353369763205,0.0018641848816029,0.0054644808743169,0.0054644808743169,0.0012283325195312,0.99609375,0.25390625,1.8305538892745967,False
75,75,175,0,False,WRONG REVISED ANSWER,197,5,5,0.0253807106598984,False,0.0020463197969543,0.0018401015228426,0.0050761421319796,0.0050761421319796,0.0012130737304687,0.99609375,0.2578125,1.2919732332229614,False
76,76,176,0,False,WRONG REVISED ANSWER,170,9,12,0.0705882352941176,False,0.0027420343137254,0.0020833333333333,0.0058823529411764,0.0058823529411764,0.0014190673828125,0.99609375,0.248046875,1.719170093536377,False
77,77,177,0,False,WRONG REVISED ANSWER,152,8,8,0.0526315789473684,False,0.0019916735197368,0.0019788240131578,0.006578947368421,0.006578947368421,0.0015182495117187,0.99609375,0.2578125,1.3455127477645874,False
78,78,178,0,True,CORRECT ANSWER,143,6,6,0.0419580419580419,False,0.0021124708624708,0.0020487325174825,0.0069930069930069,0.0069930069930069,0.0015792846679687,0.99609375,0.2578125,1.289214849472046,False
79,79,179,0,True,CORRECT ANSWER,134,4,4,0.0298507462686567,False,0.0022154850746268,0.0026381763059701,0.0074626865671641,0.0074626865671641,0.0017242431640625,0.99609375,0.267578125,0.9545040130615234,False
80,80,180,0,True,CORRECT ANSWER,144,10,10,0.0694444444444444,False,0.0021918402777777,0.0023111979166666,0.0069444444444444,0.0069444444444444,0.0015869140625,0.9921875,0.259765625,1.6297740936279297,False
81,81,181,0,True,CORRECT ANSWER,159,10,10,0.0628930817610062,False,0.0022110849056603,0.0023388364779874,0.0062893081761006,0.0062893081761006,0.0014266967773437,1.0,0.25390625,1.8252053260803225,False
82,82,182,0,False,WRONG REVISED ANSWER,161,10,10,0.062111801242236,False,0.0020768633540372,0.0017954192546583,0.0062111801242236,0.0062111801242236,0.0014266967773437,0.99609375,0.259765625,1.702219009399414,False
83,83,183,0,True,CORRECT ANSWER,196,5,5,0.0255102040816326,False,0.0019451530612244,0.0017936862244897,0.0051020408163265,0.0051020408163265,0.0011672973632812,0.99609375,0.263671875,1.0862326622009275,False
84,84,184,0,True,CORRECT ANSWER,206,9,9,0.0436893203883495,False,0.0017951051779935,0.0018203883495145,0.0048543689320388,0.0048543689320388,0.001129150390625,1.0,0.25390625,1.5686811208724976,False
85,85,185,0,True,CORRECT ANSWER,130,4,4,0.0307692307692307,False,0.0024939903846153,0.0026292067307692,0.0076923076923076,0.0076923076923076,0.0017318725585937,0.99609375,0.26953125,1.0782678127288818,False
86,86,186,0,True,CORRECT ANSWER,137,7,7,0.0510948905109489,False,0.0023787799791449,0.0021832638164754,0.0072992700729927,0.0072992700729927,0.0016708374023437,0.99609375,0.26171875,1.559427261352539,False
87,87,187,0,True,CORRECT ANSWER,146,7,7,0.047945205479452,False,0.0021251223091976,0.0024614726027397,0.0068493150684931,0.0068493150684931,0.001617431640625,0.99609375,0.259765625,1.3428436517715454,False
88,88,188,0,True,CORRECT ANSWER,159,9,9,0.0566037735849056,False,0.0019326519916142,0.0019654088050314,0.0062893081761006,0.0062893081761006,0.001434326171875,0.99609375,0.259765625,1.3742810487747192,False
89,89,189,0,True,CORRECT ANSWER,167,7,7,0.0419161676646706,False,0.0020583832335329,0.0017643284858853,0.0059880239520958,0.0059880239520958,0.0014190673828125,0.99609375,0.255859375,1.4161098003387451,False
90,90,190,0,True,CORRECT ANSWER,169,8,8,0.0473372781065088,False,0.0022651627218934,0.0019415680473372,0.0059171597633136,0.0059171597633136,0.0014266967773437,0.99609375,0.263671875,1.5769938230514526,False
91,91,191,0,True,CORRECT ANSWER,155,6,6,0.0387096774193548,False,0.0021673387096774,0.002570564516129,0.0064516129032258,0.0064516129032258,0.0014266967773437,0.99609375,0.26171875,1.268893480300903,False
92,92,192,0,True,CORRECT ANSWER,156,8,8,0.0512820512820512,False,0.0021534455128205,0.0022285657051282,0.0064102564102564,0.0064102564102564,0.0014266967773437,0.99609375,0.2578125,1.5801657438278198,False
93,93,193,0,False,WRONG REVISED ANSWER,185,9,9,0.0486486486486486,False,0.0020364114114114,0.0017361111111111,0.0054054054054054,0.0054054054054054,0.0012435913085937,0.99609375,0.2578125,1.546662211418152,False
94,94,194,0,True,CORRECT ANSWER,159,5,5,0.0314465408805031,False,0.0022110849056603,0.0021422955974842,0.0062893081761006,0.0062893081761006,0.0014801025390625,0.99609375,0.263671875,1.142767310142517,False
95,95,195,0,False,WRONG REVISED ANSWER,192,12,12,0.0625,False,0.0020751953125,0.0018310546875,0.0052083333333333,0.0052083333333333,0.0012054443359375,0.99609375,0.25,1.905244827270508,False
96,96,196,0,True,CORRECT ANSWER,149,6,6,0.0402684563758389,False,0.0022546140939597,0.0021759647651006,0.0067114093959731,0.0067114093959731,0.0015640258789062,0.99609375,0.26171875,1.1832079887390137,False
97,97,197,0,True,CORRECT ANSWER,182,13,13,0.0714285714285714,False,0.0018887362637362,0.0016774091293322,0.0054945054945054,0.0054945054945054,0.00128173828125,0.99609375,0.25390625,1.7908540964126587,False
98,98,198,0,False,WRONG REVISED ANSWER,181,10,10,0.0552486187845303,False,0.0020027624309392,0.0017178867403314,0.005524861878453,0.005524861878453,0.0012664794921875,0.99609375,0.2578125,1.7150713205337524,False
99,99,199,0,True,CORRECT ANSWER,193,14,14,0.0725388601036269,False,0.0019083086602516,0.0017348260547742,0.005181347150259,0.005181347150259,0.001220703125,0.99609375,0.248046875,1.9439536333084104,False
0,0,200,0,True,CORRECT ANSWER,160,6,6,0.0375,False,0.0020182291666666,0.0019612630208333,0.00625,0.00625,0.0014419555664062,0.99609375,0.26171875,1.2693928480148315,False
1,1,201,0,True,CORRECT ANSWER,191,9,9,0.0471204188481675,False,0.0016179464805119,0.0019997091332169,0.0052356020942408,0.0052356020942408,0.0012130737304687,0.9921875,0.248046875,1.2360049486160278,False
2,2,202,0,True,CORRECT ANSWER,143,6,6,0.0419580419580419,False,0.0022945804195804,0.0019212558275058,0.0069930069930069,0.0069930069930069,0.0015869140625,0.99609375,0.26171875,1.3770055770874023,False
3,3,203,0,True,CORRECT ANSWER,188,13,13,0.0691489361702127,False,0.001930748772504,0.0016750204582651,0.0053191489361702,0.0053191489361702,0.0012359619140625,0.99609375,0.251953125,1.9294904470443728,False
4,4,204,0,False,WRONG INTIAL ANSWER,0,0,0,0.0,False,0.0,0.0,0.0,0.0,0.0,0.0,0.0,0.0,False
5,5,205,0,True,CORRECT ANSWER,128,5,5,0.0390625,False,0.002392578125,0.00216064453125,0.0078125,0.0078125,0.0018310546875,0.99609375,0.265625,1.1483230590820312,False
6,6,206,0,False,WRONG INTIAL ANSWER,0,0,0,0.0,False,0.0,0.0,0.0,0.0,0.0,0.0,0.0,0.0,False
7,7,207,0,False,WRONG INTIAL ANSWER,0,0,0,0.0,False,0.0,0.0,0.0,0.0,0.0,0.0,0.0,0.0,False
8,8,208,0,True,CORRECT ANSWER,157,9,9,0.0573248407643312,False,0.0019240976645435,0.002178432413305,0.0063694267515923,0.0063694267515923,0.0014419555664062,0.99609375,0.25390625,1.476164937019348,False
9,9,209,0,True,CORRECT ANSWER,165,1,1,0.006060606060606,False,0.002249053030303,0.0026278409090909,0.006060606060606,0.006060606060606,0.0014801025390625,0.99609375,0.2734375,0.0,False
10,10,210,0,True,CORRECT ANSWER,204,23,23,0.1127450980392156,False,0.001824914748508,0.0017050298380221,0.0049019607843137,0.0049019607843137,0.0011672973632812,0.99609375,0.2451171875,2.317326545715332,False
11,11,211,0,True,CORRECT ANSWER,146,4,4,0.0273972602739726,False,0.002755779109589,0.0025684931506849,0.0068493150684931,0.0068493150684931,0.0015640258789062,0.99609375,0.267578125,1.208648681640625,False
12,12,212,0,True,CORRECT ANSWER,135,6,6,0.0444444444444444,False,0.0024209104938271,0.0023919753086419,0.0074074074074074,0.0074074074074074,0.001739501953125,0.99609375,0.265625,1.3554879426956177,False
13,13,213,0,False,WRONG REVISED ANSWER,171,12,12,0.0701754385964912,False,0.0021168372319688,0.0022538986354775,0.0058479532163742,0.0058479532163742,0.0014266967773437,0.99609375,0.251953125,1.9593448638916016,False
14,14,214,0,True,CORRECT ANSWER,158,5,5,0.0316455696202531,False,0.0023635284810126,0.002254746835443,0.0063291139240506,0.0063291139240506,0.00146484375,0.99609375,0.259765625,1.3189077377319336,False
15,15,215,0,False,WRONG REVISED ANSWER,160,9,10,0.0625,False,0.00228515625,0.00220703125,0.00625,0.00625,0.0014877319335937,0.99609375,0.255859375,1.620400071144104,False
16,16,216,0,False,WRONG REVISED ANSWER,173,10,11,0.0635838150289017,False,0.0024139516552811,0.0020444692590646,0.0057803468208092,0.0057803468208092,0.0013885498046875,0.99609375,0.2578125,1.7599769830703735,False
17,17,217,0,True,CORRECT ANSWER,142,6,6,0.0422535211267605,False,0.0023657570422535,0.0023474178403755,0.0070422535211267,0.0070422535211267,0.0016098022460937,0.99609375,0.26171875,1.3726763725280762,False
18,18,218,0,False,WRONG REVISED ANSWER,156,9,10,0.0641025641025641,False,0.0025240384615384,0.0020232371794871,0.0064102564102564,0.0064102564102564,0.0014419555664062,0.99609375,0.255859375,1.7153830528259275,False
19,19,219,0,True,CORRECT ANSWER,170,6,6,0.0352941176470588,False,0.0019148284313725,0.0019454656862745,0.0058823529411764,0.0058823529411764,0.0013809204101562,0.99609375,0.255859375,1.274111032485962,False
20,20,220,0,False,WRONG REVISED ANSWER,154,10,11,0.0714285714285714,False,0.0022874852420306,0.0020845631641086,0.0064935064935064,0.0064935064935064,0.0014801025390625,0.99609375,0.251953125,1.7064732313156128,False
21,21,221,0,True,CORRECT ANSWER,135,3,3,0.0222222222222222,False,0.0024016203703703,0.0023630401234567,0.0074074074074074,0.0074074074074074,0.001739501953125,0.99609375,0.265625,0.7180503010749817,False
22,22,222,0,True,CORRECT ANSWER,152,7,7,0.0460526315789473,False,0.002188087406015,0.0019678101503759,0.006578947368421,0.006578947368421,0.0015182495117187,0.99609375,0.263671875,1.4361399412155151,False
23,23,223,0,True,CORRECT ANSWER,185,10,10,0.054054054054054,False,0.001875,0.001554054054054,0.0054054054054054,0.0054054054054054,0.0012893676757812,0.9921875,0.26171875,1.542477011680603,False
24,24,224,0,False,WRONG REVISED ANSWER,163,7,7,0.0429447852760736,False,0.0020541191936897,0.0020541191936897,0.0061349693251533,0.0061349693251533,0.00146484375,0.99609375,0.259765625,1.3611913919448853,False
25,25,225,0,False,WRONG REVISED ANSWER,186,18,19,0.1021505376344086,False,0.0021222410865874,0.0019100169779286,0.0053763440860215,0.0053763440860215,0.001251220703125,0.99609375,0.248046875,2.216517686843872,False
26,26,226,0,True,CORRECT ANSWER,173,7,7,0.0404624277456647,False,0.0019611890999174,0.0020515070189925,0.0057803468208092,0.0057803468208092,0.0013656616210937,0.99609375,0.25390625,1.3496272563934326,False
27,27,227,0,True,CORRECT ANSWER,182,9,9,0.0494505494505494,False,0.0021653693528693,0.0019650488400488,0.0054945054945054,0.0054945054945054,0.0012664794921875,0.99609375,0.251953125,1.6174979209899902,False
28,28,228,0,False,WRONG REVISED ANSWER,147,5,6,0.0408163265306122,False,0.0023384353741496,0.0019929846938775,0.0068027210884353,0.0068027210884353,0.0015945434570312,0.99609375,0.259765625,1.1454328298568726,False
29,29,229,0,True,CORRECT ANSWER,151,6,6,0.0397350993377483,False,0.0025524282560706,0.0023282284768211,0.0066225165562913,0.0066225165562913,0.0014572143554687,0.99609375,0.263671875,1.359283208847046,False
30,30,230,0,False,WRONG REVISED ANSWER,182,9,9,0.0494505494505494,False,0.0019078144078144,0.0017933455433455,0.0054945054945054,0.0054945054945054,0.0012893676757812,0.99609375,0.259765625,1.578842282295227,False
31,31,231,0,False,WRONG REVISED ANSWER,212,23,25,0.1179245283018868,False,0.0018278301886792,0.0018278301886792,0.0047169811320754,0.0047169811320754,0.0010910034179687,0.99609375,0.2392578125,2.264937162399292,False
32,32,232,0,True,CORRECT ANSWER,147,7,7,0.0476190476190476,False,0.0025206511175898,0.0022625121477162,0.0068027210884353,0.0068027210884353,0.0015869140625,0.99609375,0.259765625,1.5647149085998535,False
33,33,233,0,False,WRONG REVISED ANSWER,186,19,19,0.1021505376344086,False,0.0018392756083757,0.0016801075268817,0.0053763440860215,0.0053763440860215,0.001190185546875,0.99609375,0.24609375,2.062258720397949,False
34,34,234,0,True,CORRECT ANSWER,159,6,6,0.0377358490566037,False,0.0020554900419287,0.0022602201257861,0.0062893081761006,0.0062893081761006,0.0014266967773437,0.99609375,0.263671875,1.167595386505127,False
35,35,235,0,True,CORRECT ANSWER,157,9,9,0.0573248407643312,False,0.0021894904458598,0.0022668966737438,0.0063694267515923,0.0063694267515923,0.001434326171875,0.99609375,0.25390625,1.6801151037216189,False
36,36,236,0,False,WRONG REVISED ANSWER,154,8,10,0.0649350649350649,False,0.0024350649350649,0.0020698051948051,0.0064935064935064,0.0064935064935064,0.0014572143554687,0.99609375,0.2578125,1.6270405054092407,False
37,37,237,0,True,CORRECT ANSWER,139,2,2,0.014388489208633,False,0.0029226618705035,0.0024168165467625,0.0071942446043165,0.0071942446043165,0.001617431640625,0.99609375,0.27734375,0.5019510984420776,False
38,38,238,0,True,CORRECT ANSWER,162,9,9,0.0555555555555555,False,0.0021433470507544,0.0021433470507544,0.0061728395061728,0.0061728395061728,0.001434326171875,0.99609375,0.25,1.6643716096878052,False
39,39,239,0,True,CORRECT ANSWER,142,5,5,0.0352112676056338,False,0.0026738556338028,0.0022227112676056,0.0070422535211267,0.0070422535211267,0.0015869140625,0.99609375,0.26953125,1.374544382095337,False
40,40,240,0,False,WRONG INTIAL ANSWER,0,0,0,0.0,False,0.0,0.0,0.0,0.0,0.0,0.0,0.0,0.0,False
41,41,241,0,False,WRONG REVISED ANSWER,177,11,11,0.0621468926553672,False,0.0019501155624036,0.0018297380585516,0.0056497175141242,0.0056497175141242,0.0013198852539062,0.99609375,0.25390625,1.7146838903427124,False
42,42,242,0,True,CORRECT ANSWER,164,6,6,0.0365853658536585,False,0.0021913109756097,0.001953125,0.0060975609756097,0.0060975609756097,0.00146484375,0.99609375,0.267578125,1.3311777114868164,False
43,43,243,0,True,CORRECT ANSWER,170,12,13,0.0764705882352941,False,0.0024321266968325,0.0022058823529411,0.0058823529411764,0.0058823529411764,0.0014190673828125,0.99609375,0.251953125,2.0288503170013428,False
44,44,244,0,True,CORRECT ANSWER,153,4,4,0.0261437908496732,False,0.0022594975490196,0.0022467320261437,0.0065359477124183,0.0065359477124183,0.0015029907226562,0.99609375,0.265625,0.9187353849411012,False
45,45,245,0,True,CORRECT ANSWER,138,9,9,0.0652173913043478,False,0.0023902979066022,0.0024532004830917,0.0072463768115942,0.0072463768115942,0.0016326904296875,0.99609375,0.259765625,1.7623107433319092,False
46,46,246,0,True,CORRECT ANSWER,170,8,8,0.0470588235294117,False,0.0020335477941176,0.0019301470588235,0.0058823529411764,0.0058823529411764,0.0013809204101562,1.0,0.255859375,1.3959614038467407,False
47,47,247,0,True,CORRECT ANSWER,144,8,9,0.0625,False,0.0023750964506172,0.0019651813271604,0.0069444444444444,0.0069444444444444,0.0015716552734375,0.99609375,0.259765625,1.577280879020691,False
48,48,248,0,True,CORRECT ANSWER,173,11,11,0.0635838150289017,False,0.0019377299001576,0.0017653047819232,0.0057803468208092,0.0057803468208092,0.0013656616210937,0.99609375,0.25390625,1.6457688808441162,False
49,49,249,0,True,CORRECT ANSWER,172,12,12,0.0697674418604651,False,0.0021045300387596,0.001953125,0.005813953488372,0.005813953488372,0.0014266967773437,0.99609375,0.2578125,1.8740692138671875,False
50,50,250,0,True,CORRECT ANSWER,179,1,1,0.0055865921787709,False,0.0020840607541899,0.0023895775139664,0.0055865921787709,0.0055865921787709,0.0013046264648437,0.99609375,0.267578125,0.0,False
51,51,251,0,True,CORRECT ANSWER,171,6,6,0.0350877192982456,False,0.0020254629629629,0.0019036306042884,0.0058479532163742,0.0058479532163742,0.0013885498046875,0.99609375,0.26171875,1.1490345001220703,False
52,52,252,0,True,CORRECT ANSWER,147,7,7,0.0476190476190476,False,0.0021410349854227,0.0018753036929057,0.0068027210884353,0.0068027210884353,0.001617431640625,0.99609375,0.265625,1.4202845096588137,False
53,53,253,0,False,WRONG INTIAL ANSWER,0,0,0,0.0,False,0.0,0.0,0.0,0.0,0.0,0.0,0.0,0.0,False
54,54,254,0,False,WRONG REVISED ANSWER,189,14,14,0.074074074074074,False,0.0018896447467876,0.0017361111111111,0.0052910052910052,0.0052910052910052,0.0012359619140625,0.99609375,0.251953125,1.87972629070282,False
55,55,255,0,True,CORRECT ANSWER,165,4,4,0.0242424242424242,False,0.002154356060606,0.0023674242424242,0.006060606060606,0.006060606060606,0.0014572143554687,0.99609375,0.26171875,1.038241267204285,False
56,56,256,0,True,CORRECT ANSWER,171,10,10,0.0584795321637426,False,0.0020467836257309,0.0020467836257309,0.0058479532163742,0.0058479532163742,0.001373291015625,0.99609375,0.259765625,1.6261022090911863,False
57,57,257,0,False,WRONG INTIAL ANSWER,0,0,0,0.0,False,0.0,0.0,0.0,0.0,0.0,0.0,0.0,0.0,False
58,58,258,0,True,CORRECT ANSWER,163,7,7,0.0429447852760736,False,0.0022732252410166,0.0019034837861524,0.0061349693251533,0.0061349693251533,0.0014266967773437,0.99609375,0.263671875,1.41552734375,False
59,59,259,0,True,CORRECT ANSWER,170,9,9,0.0529411764705882,False,0.0019505718954248,0.0018382352941176,0.0058823529411764,0.0058823529411764,0.0014190673828125,0.99609375,0.259765625,1.4631900787353516,False
60,60,260,0,True,CORRECT ANSWER,139,5,5,0.0359712230215827,False,0.0026641187050359,0.0026978417266187,0.0071942446043165,0.0071942446043165,0.0016555786132812,0.99609375,0.263671875,1.285680055618286,False
61,61,261,0,False,WRONG REVISED ANSWER,199,16,16,0.0804020100502512,False,0.0017175722361809,0.0015899811557788,0.0050251256281407,0.0050251256281407,0.001190185546875,0.99609375,0.244140625,1.891893982887268,False
62,62,262,0,True,CORRECT ANSWER,185,6,6,0.0324324324324324,False,0.0019003378378378,0.0019284909909909,0.0054054054054054,0.0054054054054054,0.0012435913085937,0.99609375,0.255859375,1.1967871189117432,False
63,63,263,0,True,CORRECT ANSWER,180,13,13,0.0722222222222222,False,0.001829594017094,0.001696047008547,0.0055555555555555,0.0055555555555555,0.0012664794921875,0.9921875,0.2490234375,1.681706786155701,False
64,64,264,0,True,CORRECT ANSWER,157,8,8,0.0509554140127388,False,0.0022516918789808,0.0023387738853503,0.0063694267515923,0.0063694267515923,0.0013885498046875,0.9921875,0.263671875,1.5669795274734497,False
65,65,265,0,True,CORRECT ANSWER,133,3,3,0.0225563909774436,False,0.0027020676691729,0.0026433270676691,0.0075187969924812,0.0075187969924812,0.001708984375,0.99609375,0.265625,0.9290972352027892,False
66,66,266,0,True,CORRECT ANSWER,169,9,9,0.0532544378698224,False,0.0020853879026955,0.0017258382642998,0.0059171597633136,0.0059171597633136,0.001434326171875,0.99609375,0.255859375,1.571969985961914,False
67,67,267,0,True,CORRECT ANSWER,181,6,6,0.0331491712707182,False,0.0019567219152854,0.0018991712707182,0.005524861878453,0.005524861878453,0.0012893676757812,0.99609375,0.2578125,1.2827575206756592,False
68,68,268,0,False,WRONG INTIAL ANSWER,0,0,0,0.0,False,0.0,0.0,0.0,0.0,0.0,0.0,0.0,0.0,False
69,69,269,0,False,WRONG REVISED ANSWER,201,16,18,0.0895522388059701,False,0.0020470563847429,0.001762023217247,0.0049751243781094,0.0049751243781094,0.0012130737304687,1.0,0.2431640625,2.047116994857788,False
70,70,270,0,True,CORRECT ANSWER,150,8,9,0.06,False,0.0025810185185185,0.0021296296296296,0.0066666666666666,0.0066666666666666,0.0015182495117187,0.99609375,0.263671875,1.7022384405136108,False
71,71,271,0,False,WRONG INTIAL ANSWER,0,0,0,0.0,False,0.0,0.0,0.0,0.0,0.0,0.0,0.0,0.0,False
72,72,272,0,True,CORRECT ANSWER,154,3,3,0.0194805194805194,False,0.0024688852813852,0.0020884063852813,0.0064935064935064,0.0064935064935064,0.001495361328125,0.9921875,0.267578125,0.7672610878944397,False
73,73,273,0,True,CORRECT ANSWER,167,14,15,0.0898203592814371,False,0.0023827345309381,0.0022080838323353,0.0059880239520958,0.0059880239520958,0.0014266967773437,0.99609375,0.251953125,2.176707029342652,False
74,74,274,0,True,CORRECT ANSWER,144,6,6,0.0416666666666666,False,0.002369068287037,0.0023148148148148,0.0069444444444444,0.0069444444444444,0.0015716552734375,0.99609375,0.263671875,1.3923964500427246,False
75,75,275,0,True,CORRECT ANSWER,155,4,4,0.0258064516129032,False,0.0022177419354838,0.0019657258064516,0.0064516129032258,0.0064516129032258,0.001434326171875,0.9921875,0.265625,1.041805386543274,False
76,76,276,0,False,WRONG REVISED ANSWER,143,4,4,0.0279720279720279,False,0.0024721372377622,0.00233555506993,0.0069930069930069,0.0069930069930069,0.001617431640625,0.99609375,0.265625,1.1394412517547607,False
77,77,277,0,False,WRONG REVISED ANSWER,178,7,7,0.0393258426966292,False,0.0019938804173354,0.0018183186195826,0.0056179775280898,0.0056179775280898,0.001312255859375,0.99609375,0.265625,1.3659706115722656,False
78,78,278,0,True,CORRECT ANSWER,152,8,8,0.0526315789473684,False,0.0021073190789473,0.001940275493421,0.006578947368421,0.006578947368421,0.00152587890625,0.99609375,0.263671875,1.4875086545944214,False
79,79,279,0,True,CORRECT ANSWER,140,8,8,0.0571428571428571,False,0.00244140625,0.0023856026785714,0.0071428571428571,0.0071428571428571,0.001617431640625,0.99609375,0.263671875,1.6063098907470703,False
80,80,280,0,False,WRONG INTIAL ANSWER,0,0,0,0.0,False,0.0,0.0,0.0,0.0,0.0,0.0,0.0,0.0,False
81,81,281,0,False,WRONG REVISED ANSWER,141,7,7,0.0496453900709219,False,0.0023904508611955,0.0023746200607902,0.0070921985815602,0.0070921985815602,0.0016326904296875,0.99609375,0.265625,1.47482168674469,False
82,82,282,0,True,CORRECT ANSWER,153,9,9,0.0588235294117647,False,0.0023034676833696,0.0021559549745824,0.0065359477124183,0.0065359477124183,0.0014724731445312,0.99609375,0.265625,1.7335777282714844,False
83,83,283,0,True,CORRECT ANSWER,198,8,8,0.0404040404040404,False,0.0019827178030303,0.0017657039141414,0.005050505050505,0.005050505050505,0.0012130737304687,0.9921875,0.2578125,1.3875888586044312,False
84,84,284,0,True,CORRECT ANSWER,135,7,8,0.0592592592592592,False,0.0027488425925925,0.0024739583333333,0.0074074074074074,0.0074074074074074,0.0016860961914062,0.99609375,0.26171875,1.567637324333191,False
85,85,285,0,True,CORRECT ANSWER,196,9,11,0.0561224489795918,False,0.0022031539888682,0.0018407931354359,0.0051020408163265,0.0051020408163265,0.0012130737304687,0.99609375,0.2470703125,1.7039072513580322,False
86,86,286,0,True,CORRECT ANSWER,183,15,15,0.081967213114754,False,0.0015255009107468,0.0018328779599271,0.0054644808743169,0.0054644808743169,0.001251220703125,0.99609375,0.2392578125,1.7394721508026123,False
87,87,287,0,True,CORRECT ANSWER,130,6,6,0.0461538461538461,False,0.0024138621794871,0.0027844551282051,0.0076923076923076,0.0076923076923076,0.0017166137695312,0.99609375,0.265625,1.3684636354446411,False
88,88,288,0,True,CORRECT ANSWER,152,6,7,0.0460526315789473,False,0.0022908834586466,0.0020559210526315,0.006578947368421,0.006578947368421,0.0014801025390625,0.99609375,0.26171875,1.3795981407165527,False
89,89,289,0,False,WRONG REVISED ANSWER,181,9,9,0.0497237569060773,False,0.00186080417434,0.0019663136893799,0.005524861878453,0.005524861878453,0.0012588500976562,0.99609375,0.255859375,1.5372265577316284,False
90,90,290,0,True,CORRECT ANSWER,173,8,8,0.0462427745664739,False,0.0020208634393063,0.0020886018786127,0.0057803468208092,0.0057803468208092,0.0013656616210937,0.99609375,0.2578125,1.5031248331069946,False
91,91,291,0,True,CORRECT ANSWER,148,7,7,0.0472972972972973,False,0.0021265685328185,0.0021114864864864,0.0067567567567567,0.0067567567567567,0.0016021728515625,0.99609375,0.263671875,1.4306076765060425,False
92,92,292,0,False,WRONG REVISED ANSWER,167,10,11,0.0658682634730539,False,0.0021349346761023,0.0016330974414806,0.0059880239520958,0.0059880239520958,0.0014724731445312,0.99609375,0.259765625,1.6107442378997805,False
93,93,293,0,False,WRONG REVISED ANSWER,140,5,5,0.0357142857142857,False,0.0023883928571428,0.0020200892857142,0.0071428571428571,0.0071428571428571,0.0016708374023437,0.99609375,0.265625,1.2339211702346802,False
94,94,294,0,True,CORRECT ANSWER,146,7,7,0.047945205479452,False,0.0024461839530332,0.0023238747553816,0.0068493150684931,0.0068493150684931,0.0015869140625,0.99609375,0.259765625,1.5511029958724976,False
95,95,295,0,True,CORRECT ANSWER,176,12,12,0.0681818181818181,False,0.0020123106060606,0.001812559185606,0.0056818181818181,0.0056818181818181,0.0013504028320312,0.9921875,0.25390625,1.7696582078933716,False
96,96,296,0,True,CORRECT ANSWER,144,8,10,0.0694444444444444,False,0.0027126736111111,0.0019748263888888,0.0069444444444444,0.0069444444444444,0.0015792846679687,0.9921875,0.2578125,1.5432229042053225,False
97,97,297,0,True,CORRECT ANSWER,150,9,9,0.06,False,0.0021643518518518,0.0019907407407407,0.0066666666666666,0.0066666666666666,0.0015182495117187,0.99609375,0.259765625,1.6477446556091309,False
98,98,298,0,False,WRONG REVISED ANSWER,163,9,10,0.0613496932515337,False,0.0025306748466257,0.0021472392638036,0.0061349693251533,0.0061349693251533,0.0014877319335937,0.99609375,0.259765625,1.6953555345535278,False
99,99,299,0,True,CORRECT ANSWER,143,6,6,0.0419580419580419,False,0.0022763694638694,0.0024220571095571,0.0069930069930069,0.0069930069930069,0.0015945434570312,0.99609375,0.263671875,1.3249735832214355,False
